"Region","Q1","Q2","Q3","Q4","Overall_Average"
"South",129.333333333333,132,136.333333333333,140.666666666667,134.583333333333
"North",130,130.666666666667,136.333333333333,139.666666666667,134.166666666667
"West",106.666666666667,112.666666666667,118.333333333333,120.333333333333,114.5
"East",105,107,112,115,109.75
